",·0"
.·1
the·2
</s>·3
of·4
-·5
in·6
and·7
'·8
)·9
(·10
to·11
a·12
is·13
was·14
on·15
s·16
for·17
as·18
by·19
that·20
it·21
with·22
from·23
at·24
he·25
this·26
be·27
i·28
an·29
utc·30
his·31
not·32
–·33
are·34
or·35
talk·36
which·37
also·38
has·39
were·40
but·41
have·42
#·43
one·44
rd·45
new·46
first·47
page·48
no·49
you·50
they·51
had·52
article·53
t·54
who·55
?·56
all·57
their·58
there·59
been·60
made·61
its·62
people·63
may·64
after·65
%·66
other·67
should·68
two·69
score·70
her·71
can·72
would·73
more·74
if·75
she·76
about·77
when·78
time·79
team·80
american·81
such·82
th·83
do·84
discussion·85
links·86
only·87
some·88
up·89
see·90
united·91
years·92
into·93
/·94
school·95
so·96
world·97
university·98
during·99
out·100
state·101
states·102
national·103
wikipedia·104
year·105
most·106
city·107
over·108
used·109
then·110
d·111
than·112
county·113
external·114
m·115
where·116
will·117
de·118
what·119
delete·120
any·121
these·122
january·123
march·124
august·125
july·126
being·127
film·128
him·129
many·130
south·131
september·132
like·133
between·134
october·135
three·136
june·137
well·138
use·139
war·140
under·141
them·142
april·143
we·144
born·145
december·146
link·147
while·148
c·149
later·150
part·151
november·152
further·153
players·154
list·155
please·156
following·157
my·158
february·159
known·160
second·161
u·162
name·163
group·164
history·165
series·166
just·167
e·168
north·169
work·170
before·171
since·172
season·173
both·174
high·175
st·176
through·177
district·178
now·179
!·180
comments·181
because·182
football·183
music·184
however·185
diff·186
century·187
league·188
edits·189
debate·190
title·191
articles·192
john·193
same·194
including·195
could·196
english·197
album·198
number·199
against·200
family·201
user·202
based·203
area·204
became·205
york·206
b·207
life·208
me·209
british·210
international·211
game·212
"""·213"
above·214
club·215
your·216
until·217
early·218
best·219
west·220
house·221
company·222
general·223
left·224
very·225
here·226
don·227
living·228
day·229
several·230
place·231
party·232
college·233
result·234
keep·235
appropriate·236
four·237
subsequent·238
even·239
class·240
government·241
how·242
called·243
did·244
each·245
found·246
center·247
per·248
style·249
com·250
long·251
country·252
back·253
way·254
does·255
www·256
modify·257
end·258
make·259
public·260
played·261
p·262
won·263
another·264
released·265
added·266
f·267
support·268
games·269
former·270
those·271
films·272
church·273
east·274
line·275
major·276
members·277
good·278
much·279
image·280
show·281
still·282
think·283
below·284
town·285
last·286
system·287
right·288
song·289
non·290
notable·291
section·292
single·293
included·294
align·295
home·296
women·297
television·298
—·299
seed·300
member·301
goals·302
sources·303
}}·304
book·305
station·306
order·307
old·308
information·309
set·310
own·311
text·312
band·313
point·314
local·315
around·316
river·317
top·318
main·319
language·320
french·321
https·322
named·323
off·324
us·325
note·326
career·327
original·328
age·329
service·330
established·331
located·332
re·333
said·334
website·335
population·336
air·337
german·338
law·339
military·340
}·341
great·342
ii·343
within·344
clubs·345
published·346
president·347
park·348
official·349
$·350
r·351
case·352
>·353
london·354
times·355
although·356
small·357
third·358
different·359
due·360
get·361
village·362
closed·363
g·364
art·365
player·366
final·367
l·368
community·369
held·370
n·371
again·372
began·373
army·374
award·375
without·376
death·377
built·378
men·379
large·380
site·381
+·382
using·383
deletion·384
white·385
along·386
five·387
central·388
road·389
children·390
free·391
took·392
england·393
include·394
association·395
down·396
j·397
given·398
source·399
x·400
california·401
man·402
version·403
written·404
created·405
media·406
black·407
though·408
php·409
report·410
building·411
la·412
take·413
division·414
comment·415
having·416
king·417
edit·418
stadium·419
died·420
ship·421
research·422
record·423
archive·424
places·425
undo·426
cup·427
records·428
often·429
few·430
received·431
side·432
power·433
education·434
know·435
category·436
water·437
political·438
species·439
field·440
near·441
&·442
co·443
australia·444
video·445
need·446
go·447
island·448
form·449
find·450
served·451
play·452
project·453
o·454
according·455
//en·456
radio·457
am·458
works·459
proposed·460
every·461
development·462
example·463
live·464
union·465
india·466
next·467
special·468
court·469
region·470
h·471
little·472
short·473
v·474
william·475
province·476
western·477
son·478
france·479
council·480
others·481
royal·482
current·483
street·484
full·485
red·486
too·487
department·488
w·489
san·490
help·491
subdivision_type·492
among·493
ve·494
preserved·495
james·496
open·497
force·498
position·499
head·500
director·501
father·502
track·503
http·504
canada·505
never·506
australian·507
id·508
george·509
org/w/index·510
jpg·511
level·512
late·513
summer·514
society·515
moved·516
office·517
period·518
championship·519
round·520
story·521
songs·522
various·523
file·524
days·525
land·526
business·527
tv·528
subdivision_name·529
reason·530
america·531
million·532
european·533
term·534
al·535
six·536
uk·537
post·538
why·539
produced·540
making·541
subject·542
young·543
total·544
david·545
science·546
related·547
rock·548
archived·549
railway·550
become·551
led·552
students·553
started·554
news·555
described·556
//www·557
role·558
election·559
albums·560
present·561
indian·562
kingdom·563
books·564
important·565
northern·566
love·567
run·568
canadian·569
press·570
rather·571
k·572
type·573
act·574
editor·575
came·576
schools·577
program·578
once·579
issue·580
social·581
germany·582
production·583
male·584
might·585
awards·586
points·587
similar·588
professional·589
say·590
background·591
enough·592
lead·593
either·594
common·595
overlap·596
data·597
color·598
better·599
•·600
person·601
services·602
bgcolor·603
museum·604
battle·605
went·606
sports·607
already·608
currently·609
hall·610
buildings·611
historic·612
date·613
deleted·614
considered·615
change·616
location·617
seems·618
must·619
yes·620
our·621
southern·622
least·623
